<?xml version="1.0.1" encoding="UTF-8" standalone="yes"?>
<addon id="repository.ChicagoTeam" name="ChicagoTeam Repository" version="1.0.0" provider-name="L.P.N">
	<extension point="xbmc.addon.repository" name="ChicagoTeam Repository">
		<info compressed="false">https://raw.github.com/chicagolist/ChicagoTeam/master/addons.xml</info>
		<checksum>https://raw.github.com/chicagolist/ChicagoTeam/master/addons.xml.md5</checksum>
		<datadir zip="true">https://raw.github.com/chicagolist/ChicagoTeam/master/</datadir>
	</extension>
	<extension point="xbmc.addon.metadata">
		<summary>Install my Addons</summary>
		<description>Download and install addons from ChicagoTeam </description>
		<platform>all</platform>
	</extension>
</addon>