<?xml version="1.0" encoding="UTF-8" standalone="yes"?>
<addon id="plugin.video.ChicagoTeam" 
       name="[COLOR withe]Chicago[/COLOR][COLOR red]Team[/COLOR]"
	   version="1.8.6" 
	   provider-name="L.P.N">
   <requires>
    <import addon="xbmc.python" version="2.1.0"/>
    <import addon="script.module.beautifulsoup" version="3.2.1"/>
    <import addon="script.module.simple.downloader" version="0.9.4"/>
    <import addon="script.module.beautifulsoup4" />
    <import addon="script.module.simple.downloader" version="0.9.4"/>
    <import addon="script.module.requests" />
    <import addon="script.module.httplib2" />
    <import addon="script.module.youtube.dl" optional="true"/>
    <import addon="plugin.video.youtube" />
    <import addon="script.module.urlresolver" optional="true"/>
    <import addon="script.module.simplejson" />    
  </requires>
  <extension point="xbmc.python.pluginsource" library="default.py">
    <provides>video</provides>
  </extension>
  <extension point="xbmc.addon.metadata">
    <summary>[COLOR white]Chicago[/COLOR][COLOR red]Team[/COLOR]Tu mejor Opcion,basado en livestreamspro de Shani</summary>
<description lang="en">[COLOR white]Chicago[/COLOR][COLOR red]Team[/COLOR] Addon Latino que recopila Canales transmitidos por internet, tratando de traerte el mejor entretenimiento televisivo en espanol e ingles, puedes visitarnos en facebook grupo [COLOR white]Chicago[/COLOR][COLOR red]Team[/COLOR] </description>
    <platform>all</platform>
  </extension>
</addon>